cement,blast_furnace_slag,fly_ash,water,superplasticizer,coarse_aggregate,fine_aggregate,age,concrete_compressive_strength
427.5,47.5,0.0,228.0,0.0,932.0,594.0,7,35.08
275.0,180.0,120.0,162.0,10.4,830.0,765.0,28,76.24
387.0,20.0,94.0,157.0,11.6,938.0,845.0,3,34.77
491.0,26.0,123.0,210.0,3.9,882.0,699.0,56,59.59
446.0,24.0,79.0,162.0,11.6,967.0,712.0,3,23.35
387.0,20.0,94.0,157.0,13.9,938.0,845.0,7,45.9
266.0,112.0,87.0,178.0,10.0,910.0,745.0,28,39.42
132.0,207.0,161.0,179.0,5.0,867.0,736.0,28,33.3
153.0,145.0,0.0,178.0,8.0,1000.0,822.0,28,19.01
213.8,98.1,24.5,181.7,6.7,1066.0,785.5,3,13.18
190.3,0.0,125.2,166.6,9.9,1079.0,798.9,28,24.85
212.6,0.0,100.4,159.4,10.4,1003.8,903.8,14,25.37
167.0,75.4,167.0,164.0,7.9,1007.3,770.1,14,32.9
297.2,0.0,117.5,174.8,9.5,1022.8,753.5,28,47.4
302.0,0.0,0.0,203.0,0.0,974.0,817.0,180,26.74
272.8,181.9,0.0,185.7,0.0,1012.4,714.3,7,19.77
318.8,212.5,0.0,155.7,14.3,852.1,880.4,91,68.1
540.0,0.0,0.0,162.0,2.5,1040.0,676.0,28,79.99
116.0,173.0,0.0,192.0,0.0,909.8,891.9,28,22.35
376.0,0.0,0.0,214.6,0.0,1003.5,762.4,56,36.3
162.0,190.0,148.0,179.0,19.0,838.0,741.0,28,33.76
286.3,200.9,0.0,144.7,11.2,1004.6,803.7,7,38.0
135.7,203.5,0.0,185.7,0.0,1076.2,759.3,7,7.51
153.0,239.0,0.0,200.0,6.0,1002.0,684.0,28,26.86
212.5,0.0,100.4,159.3,8.7,1007.8,903.6,3,13.54
300.0,0.0,0.0,184.0,0.0,1075.0,795.0,7,15.58
284.0,15.0,141.0,179.0,5.5,842.0,801.0,56,44.52
214.9,53.8,121.9,155.6,9.6,1014.3,780.6,100,56.63
480.0,0.0,0.0,192.0,0.0,936.0,721.0,28,43.89
520.0,0.0,0.0,175.0,5.2,870.0,805.0,28,51.02
173.8,93.4,159.9,172.3,9.7,1007.2,746.6,3,15.82
156.0,178.0,187.0,221.0,7.0,854.0,614.0,28,29.41
108.3,162.4,0.0,203.5,0.0,938.2,849.0,7,7.72
500.0,0.0,0.0,200.0,0.0,1125.0,613.0,180,51.04
200.0,133.0,0.0,192.0,0.0,965.4,806.2,3,11.41
255.0,0.0,0.0,192.0,0.0,889.8,945.0,90,21.86
388.6,97.1,0.0,157.9,12.1,852.1,925.7,91,57.6
288.4,121.0,0.0,177.4,7.0,907.9,829.5,28,42.14
251.4,0.0,118.3,192.9,5.8,1043.6,754.3,100,40.15
213.5,0.0,174.2,154.6,11.7,1052.3,775.5,3,17.37
295.0,0.0,0.0,185.0,0.0,1069.0,769.0,7,14.8
168.9,42.2,124.3,158.3,10.8,1080.8,796.2,14,23.51
475.0,118.8,0.0,181.1,8.9,852.1,781.5,56,72.3
313.0,145.0,0.0,178.0,8.0,1002.0,689.0,28,41.05
141.3,212.0,0.0,203.5,0.0,971.8,748.5,28,29.89
387.0,20.0,94.0,157.0,14.3,938.0,845.0,3,22.75
236.0,0.0,0.0,194.0,0.0,968.0,885.0,90,21.95
389.9,189.0,0.0,145.9,22.0,944.7,755.8,28,74.5
405.0,0.0,0.0,175.0,0.0,1120.0,695.0,28,52.3
212.6,0.0,100.4,159.4,10.4,1003.8,903.8,28,37.4
331.0,0.0,0.0,192.0,0.0,1025.0,821.0,7,17.44
337.9,189.0,0.0,174.9,9.5,944.7,755.8,56,59.89
210.7,316.1,0.0,185.7,0.0,977.0,689.3,28,37.81
164.0,0.0,200.0,181.0,13.0,849.0,846.0,28,15.09
202.0,11.0,141.0,206.0,1.7,942.0,801.0,56,23.25
172.4,13.6,172.4,156.8,4.1,1006.3,856.4,100,37.68
349.0,0.0,0.0,192.0,0.0,1056.0,809.0,120,40.86
190.0,190.0,0.0,228.0,0.0,932.0,670.0,270,50.66
317.9,0.0,126.5,209.7,5.7,860.5,736.6,28,40.06
326.0,166.0,0.0,174.0,9.0,882.0,790.0,28,61.23
133.0,200.0,0.0,192.0,0.0,927.4,839.2,90,36.59
279.8,128.9,100.4,172.4,9.5,825.1,804.9,28,52.83
446.0,24.0,79.0,162.0,11.6,967.0,712.0,28,44.42
266.0,114.0,0.0,228.0,0.0,932.0,670.0,180,48.7
427.5,47.5,0.0,228.0,0.0,932.0,594.0,270,43.01
144.0,15.0,195.0,176.0,6.0,1021.0,709.0,28,15.34
251.4,0.0,118.3,188.5,6.4,1028.4,757.7,14,24.43
160.0,128.0,122.0,182.0,6.4,824.0,879.0,28,39.4
491.0,26.0,123.0,201.0,3.9,822.0,699.0,3,29.55
380.0,95.0,0.0,228.0,0.0,932.0,594.0,7,32.82
166.8,250.2,0.0,203.5,0.0,975.6,692.6,7,15.75
286.3,200.9,0.0,144.7,11.2,1004.6,803.7,28,67.7
326.5,0.0,137.9,199.0,10.8,801.1,792.5,28,38.63
186.2,124.1,0.0,185.7,0.0,1083.4,764.3,7,8.0
150.0,236.8,0.0,173.8,11.9,1069.3,674.8,28,37.43
214.9,53.8,121.9,155.6,9.6,1014.3,780.6,28,52.2
238.2,158.8,0.0,185.7,0.0,1040.6,734.3,28,26.91
168.0,42.1,163.8,121.8,5.7,1058.7,780.1,28,24.24
277.2,97.8,24.5,160.7,11.2,1061.7,782.5,28,63.14
141.3,212.0,0.0,203.5,0.0,971.8,748.5,90,39.66
155.0,184.0,143.0,194.0,9.0,880.0,699.0,28,28.99
251.8,0.0,99.9,146.1,12.4,1006.0,899.8,14,33.36
475.0,118.8,0.0,181.1,8.9,852.1,781.5,7,55.6
200.0,0.0,0.0,180.0,0.0,1125.0,845.0,28,12.25
159.0,149.0,116.0,175.0,15.0,953.0,720.0,28,27.68
230.0,0.0,118.3,195.5,4.6,1029.4,758.6,3,10.03
322.0,0.0,116.0,196.0,10.0,818.0,813.0,28,31.18
362.6,189.0,0.0,164.9,11.6,944.7,755.8,56,77.3
277.1,0.0,97.4,160.6,11.8,973.9,875.6,28,48.28
190.7,0.0,125.4,162.1,7.8,1090.0,804.0,56,35.34
194.7,0.0,100.5,165.6,7.5,1006.4,905.9,100,37.34
309.9,142.8,111.2,167.8,22.1,913.9,651.2,28,38.22
299.8,0.0,119.8,211.5,9.9,878.2,727.6,28,23.84
200.0,133.0,0.0,192.0,0.0,965.4,806.2,90,43.25
491.0,26.0,123.0,210.0,3.9,882.0,699.0,28,55.55
305.3,203.5,0.0,203.5,0.0,965.4,631.0,3,14.14
318.0,0.0,126.0,210.0,6.0,861.0,737.0,28,40.06
168.9,42.2,124.3,158.3,10.8,1080.8,796.2,56,39.15
540.0,0.0,0.0,173.0,0.0,1125.0,613.0,28,67.31
212.5,0.0,100.4,159.3,8.7,1007.8,903.6,100,42.92
231.8,0.0,121.6,174.0,6.7,1056.4,778.5,3,15.44
275.1,0.0,121.4,159.5,9.9,1053.6,777.5,14,38.77
153.0,102.0,0.0,192.0,0.0,888.0,943.1,7,8.37
525.0,0.0,0.0,189.0,0.0,1125.0,613.0,180,61.92
307.0,0.0,0.0,193.0,0.0,968.0,812.0,365,36.15
446.0,24.0,79.0,162.0,11.6,967.0,712.0,7,38.02
333.0,0.0,0.0,192.0,0.0,931.2,842.6,28,31.97
146.5,114.6,89.3,201.9,8.8,860.0,829.5,28,19.99
359.0,19.0,141.0,154.0,10.9,942.0,801.0,3,23.64
229.7,0.0,118.2,195.2,6.1,1028.1,757.6,56,31.35
491.0,26.0,123.0,210.0,3.9,882.0,699.0,3,25.61
500.0,0.0,0.0,200.0,0.0,1125.0,613.0,1,12.64
158.6,148.9,116.0,175.1,15.0,953.3,719.7,28,27.68
166.8,250.2,0.0,203.5,0.0,975.6,692.6,90,43.57
277.2,97.8,24.5,160.7,11.2,1061.7,782.5,100,66.95
212.5,0.0,100.4,159.3,8.7,1007.8,903.6,56,42.55
233.8,0.0,94.6,197.9,4.6,947.0,852.2,3,10.38
212.0,141.3,0.0,203.5,0.0,973.4,750.0,90,39.7
359.0,19.0,141.0,154.0,10.9,942.0,801.0,56,66.78
262.0,111.0,86.0,195.0,5.0,895.0,733.0,28,33.72
167.4,129.9,128.6,175.5,7.8,1006.3,746.6,3,14.94
165.0,0.0,143.6,163.8,0.0,1005.6,900.9,14,16.88
425.0,106.3,0.0,153.5,16.5,852.1,887.1,91,65.2
330.5,169.6,0.0,194.9,8.1,811.0,802.3,28,56.62
296.0,0.0,107.0,221.0,11.0,819.0,778.0,28,31.42
212.0,0.0,124.8,159.0,7.8,1085.4,799.5,28,38.5
385.0,0.0,0.0,186.0,0.0,966.0,763.0,1,6.27
312.7,144.7,0.0,127.3,8.0,999.7,822.2,28,44.52
252.0,97.0,76.0,194.0,8.0,835.0,821.0,28,33.4
231.8,0.0,121.6,174.0,6.7,1056.4,778.5,14,26.77
325.6,166.4,0.0,174.0,8.9,881.6,790.0,28,61.24
339.0,0.0,0.0,197.0,0.0,968.0,781.0,90,35.17
229.7,0.0,118.2,195.2,6.1,1028.1,757.6,14,22.32
424.0,22.0,132.0,168.0,8.9,822.0,750.0,7,40.29
334.0,17.6,158.0,189.0,15.3,967.0,633.0,28,44.33
203.5,305.3,0.0,203.5,0.0,963.4,630.0,28,41.68
332.5,142.5,0.0,228.0,0.0,932.0,594.0,365,41.05
349.0,0.0,0.0,192.0,0.0,1056.0,809.0,3,15.87
331.0,0.0,0.0,192.0,0.0,978.0,825.0,360,41.24
310.0,0.0,0.0,192.0,0.0,971.0,850.6,3,9.87
237.5,237.5,0.0,228.0,0.0,932.0,594.0,365,39.0
446.0,24.0,79.0,162.0,11.6,967.0,712.0,3,35.36
296.0,0.0,106.7,221.4,10.5,819.2,778.4,28,31.42
332.5,142.5,0.0,228.0,0.0,932.0,594.0,28,33.02
446.0,24.0,79.0,162.0,11.6,967.0,712.0,7,39.3
156.0,243.0,0.0,180.0,11.0,1022.0,698.0,28,37.36
190.3,0.0,125.2,166.6,9.9,1079.0,798.9,56,31.72
300.0,0.0,0.0,184.0,0.0,1075.0,795.0,28,26.85
229.7,0.0,118.2,195.2,6.1,1028.1,757.6,28,24.54
122.6,183.9,0.0,203.5,0.0,958.2,800.1,90,33.19
152.0,178.0,139.0,168.0,18.0,944.0,695.0,28,36.35
149.0,117.6,91.7,182.9,7.1,953.4,780.3,28,23.52
218.2,54.6,123.8,140.8,11.9,1075.7,792.7,3,27.42
194.7,0.0,100.5,165.6,7.5,1006.4,905.9,28,25.72
145.0,0.0,179.0,202.0,8.0,824.0,869.0,28,10.54
323.7,282.8,0.0,183.8,10.3,942.7,659.9,56,80.2
469.0,117.2,0.0,137.8,32.2,852.1,840.5,28,66.9
203.5,305.3,0.0,203.5,0.0,963.4,630.0,90,51.86
236.0,157.0,0.0,192.0,0.0,972.6,749.1,7,20.42
213.7,98.1,24.5,181.7,6.9,1065.8,785.4,14,30.39
349.0,0.0,0.0,192.0,0.0,1056.0,809.0,90,40.66
153.1,145.0,113.0,178.5,8.0,1001.9,688.7,28,25.56
295.7,0.0,95.6,171.5,8.9,955.1,859.2,28,39.94
153.0,102.0,0.0,192.0,0.0,888.0,943.1,90,26.32
165.0,128.5,132.1,175.1,8.1,1005.8,746.6,28,46.39
297.2,0.0,117.5,174.8,9.5,1022.8,753.5,56,51.96
135.0,105.0,193.0,196.0,6.0,965.0,643.0,28,21.91
350.0,0.0,0.0,203.0,0.0,974.0,775.0,7,18.13
228.0,342.1,0.0,185.7,0.0,955.8,674.3,28,39.7
531.3,0.0,0.0,141.8,28.2,852.1,893.7,7,46.9
500.1,0.0,0.0,200.0,3.0,1124.4,613.2,28,44.13
212.6,0.0,100.4,159.4,10.4,1003.8,903.8,56,44.4
212.5,0.0,100.4,159.3,8.7,1007.8,903.6,14,26.31
165.0,128.5,132.1,175.1,8.1,1005.8,746.6,14,33.09
254.0,0.0,0.0,198.0,0.0,968.0,863.0,180,27.63
339.0,0.0,0.0,197.0,0.0,968.0,781.0,180,36.45
289.0,0.0,0.0,192.0,0.0,913.2,895.3,7,14.6
181.4,0.0,167.0,169.6,7.6,1055.6,777.8,3,13.62
382.0,0.0,0.0,186.0,0.0,1047.0,739.0,28,37.42
446.0,24.0,79.0,162.0,10.3,967.0,712.0,28,53.39
286.3,200.9,0.0,144.7,11.2,1004.6,803.7,56,72.99
212.6,0.0,100.4,159.4,10.4,1003.8,903.8,3,13.33
310.0,0.0,0.0,192.0,0.0,970.0,850.0,28,27.92
331.0,0.0,0.0,192.0,0.0,978.0,825.0,180,39.0
145.0,116.0,119.0,184.0,5.7,833.0,880.0,28,29.16
427.5,47.5,0.0,228.0,0.0,932.0,594.0,90,41.54
198.6,132.4,0.0,192.0,0.0,978.4,825.5,7,14.64
249.1,0.0,98.8,158.1,12.8,987.8,889.0,56,42.03
254.0,0.0,0.0,198.0,0.0,968.0,863.0,90,26.94
166.0,259.7,0.0,183.2,12.7,858.8,826.8,28,37.92
192.0,288.0,0.0,192.0,0.0,929.8,716.1,3,12.79
238.0,0.0,0.0,185.0,0.0,1118.0,789.0,28,17.54
385.0,0.0,0.0,186.0,0.0,966.0,763.0,7,23.22
379.5,151.2,0.0,153.9,15.9,1134.3,605.0,56,54.9
194.7,0.0,100.5,170.2,7.5,998.0,901.8,14,24.28
288.0,192.0,0.0,192.0,0.0,932.0,717.8,28,38.8
122.6,183.9,0.0,203.5,0.0,958.2,800.1,7,10.35
233.8,0.0,94.6,197.9,4.6,947.0,852.2,14,22.14
516.0,0.0,0.0,162.0,8.2,801.0,802.0,28,41.37
277.2,97.8,24.5,160.7,11.2,1061.7,782.5,3,30.45
218.9,0.0,124.1,158.5,11.3,1078.7,794.9,28,30.22
307.0,0.0,0.0,193.0,0.0,968.0,812.0,180,34.49
401.8,94.7,0.0,147.4,11.4,946.8,852.1,28,68.5
297.2,0.0,117.5,174.8,9.5,1022.8,753.5,3,21.91
281.0,0.0,0.0,186.0,0.0,1104.0,774.0,7,14.5
236.0,0.0,0.0,194.0,0.0,968.0,885.0,3,6.47
314.0,0.0,113.0,170.0,10.0,925.0,783.0,28,38.46
339.0,0.0,0.0,197.0,0.0,968.0,781.0,28,32.04
190.3,0.0,125.2,161.9,9.9,1088.1,802.6,28,28.47
250.0,0.0,95.7,187.4,5.5,956.9,861.2,100,42.35
172.4,13.6,172.4,156.8,4.1,1006.3,856.4,56,35.85
450.1,50.0,0.0,200.0,3.0,1124.4,613.2,28,39.38
332.5,142.5,0.0,228.0,0.0,932.0,594.0,270,40.27
236.0,0.0,0.0,194.0,0.0,968.0,885.0,28,18.42
190.3,0.0,125.2,166.6,9.9,1079.0,798.9,14,19.42
238.1,0.0,0.0,185.7,0.0,1118.8,789.3,7,10.34
339.0,0.0,0.0,197.0,0.0,968.0,781.0,365,38.89
250.0,0.0,0.0,182.0,0.0,1100.0,820.0,7,12.73
186.2,124.1,0.0,185.7,0.0,1083.4,764.3,28,17.6
181.4,0.0,167.0,169.6,7.6,1055.6,777.8,56,35.57
193.5,290.2,0.0,185.7,0.0,998.2,704.3,28,32.63
213.7,0.0,174.7,154.8,10.2,1053.5,776.4,28,40.15
366.0,187.0,0.0,191.3,6.6,824.3,756.9,28,65.91
376.0,0.0,0.0,214.6,0.0,1003.5,762.4,3,16.28
304.0,76.0,0.0,228.0,0.0,932.0,670.0,270,54.38
277.2,97.8,24.5,160.7,11.2,1061.7,782.5,56,66.82
194.7,0.0,100.5,165.6,7.5,1006.4,905.9,3,12.45
166.1,0.0,163.3,176.5,4.5,1058.6,780.1,3,10.76
213.5,0.0,174.2,159.2,11.7,1043.6,771.9,14,29.59
210.7,316.1,0.0,185.7,0.0,977.0,689.3,7,21.82
141.9,166.6,129.7,173.5,10.9,882.6,785.3,28,44.61
218.2,54.6,123.8,140.8,11.9,1075.7,792.7,100,63.53
295.8,0.0,0.0,185.7,0.0,1091.4,769.3,7,14.84
475.0,118.8,0.0,181.1,8.9,852.1,781.5,28,68.3
154.0,144.0,112.0,220.0,10.0,923.0,658.0,28,16.5
251.4,0.0,118.3,188.5,6.4,1028.4,757.7,28,32.66
259.9,100.6,78.4,170.6,10.4,935.7,762.9,28,49.77
332.5,142.5,0.0,228.0,0.0,932.0,594.0,180,39.78
491.0,26.0,123.0,201.0,3.9,822.0,699.0,56,61.86
133.0,200.0,0.0,192.0,0.0,927.4,839.2,28,27.87
154.8,183.4,0.0,193.3,9.1,1047.4,696.7,28,18.29
190.3,0.0,125.2,161.9,9.9,1088.1,802.6,100,40.39
190.7,0.0,125.4,162.1,7.8,1090.0,804.0,3,15.04
266.0,114.0,0.0,228.0,0.0,932.0,670.0,365,52.91
425.0,106.3,0.0,153.5,16.5,852.1,887.1,3,33.4
168.0,42.1,163.8,121.8,5.7,1058.7,780.1,56,32.85
153.0,145.0,113.0,178.0,8.0,1002.0,689.0,28,25.56
173.8,93.4,159.9,172.3,9.7,1007.2,746.6,28,37.81
144.8,0.0,133.6,180.8,11.1,979.5,811.5,28,13.2
505.0,0.0,60.0,195.0,0.0,1030.0,630.0,28,64.02
218.2,54.6,123.8,140.8,11.9,1075.7,792.7,28,55.51
298.0,0.0,107.0,186.0,6.0,879.0,815.0,28,42.64
374.0,0.0,0.0,190.0,7.0,1013.0,730.0,28,39.05
427.5,47.5,0.0,228.0,0.0,932.0,594.0,365,43.7
181.4,0.0,167.0,169.6,7.6,1055.6,777.8,100,45.37
198.6,132.4,0.0,192.0,0.0,978.4,825.5,360,44.3
102.0,153.0,0.0,192.0,0.0,887.0,942.0,90,25.46
322.0,0.0,0.0,203.0,0.0,974.0,800.0,180,29.59
254.0,0.0,0.0,198.0,0.0,968.0,863.0,365,29.79
160.2,188.0,146.4,203.2,11.3,828.7,709.7,28,35.31
305.0,0.0,100.0,196.0,10.0,959.0,705.0,28,30.12
424.0,22.0,132.0,178.0,8.5,822.0,750.0,7,39.0
153.0,102.0,0.0,192.0,0.0,888.0,943.1,3,4.78
236.0,0.0,0.0,193.0,0.0,968.0,885.0,365,25.08
108.3,162.4,0.0,203.5,0.0,938.2,849.0,28,20.59
194.7,0.0,100.5,165.6,7.5,1006.4,905.9,56,33.96
275.0,0.0,0.0,183.0,0.0,1088.0,808.0,7,14.2
310.0,0.0,0.0,192.0,0.0,970.0,850.0,7,14.99
295.7,0.0,95.6,171.5,8.9,955.1,859.2,100,52.04
339.0,0.0,0.0,197.0,0.0,968.0,781.0,14,27.04
401.8,94.7,0.0,147.4,11.4,946.8,852.1,7,54.1
350.0,0.0,0.0,186.0,0.0,1050.0,770.0,28,34.29
397.0,0.0,0.0,185.7,0.0,1040.6,734.3,7,25.45
389.9,189.0,0.0,145.9,22.0,944.7,755.8,7,59.09
298.0,0.0,107.0,164.0,13.0,953.0,784.0,28,35.86
313.3,145.0,0.0,178.5,8.0,1001.9,688.7,28,41.05
190.7,0.0,125.4,162.1,7.8,1090.0,804.0,28,26.4
469.0,117.2,0.0,137.8,32.2,852.1,840.5,56,69.3
310.0,143.0,0.0,168.0,10.0,914.0,804.0,28,45.3
491.0,26.0,123.0,210.0,3.9,882.0,699.0,7,33.49
380.0,95.0,0.0,228.0,0.0,932.0,594.0,90,40.56
387.0,20.0,94.0,157.0,13.9,938.0,845.0,56,47.97
122.6,183.9,0.0,203.5,0.0,958.2,800.1,3,3.32
231.8,0.0,121.6,174.0,6.7,1056.4,778.5,28,33.73
108.3,162.4,0.0,203.5,0.0,938.2,849.0,3,2.33
313.3,262.2,0.0,175.5,8.6,1046.9,611.8,56,64.9
225.0,0.0,0.0,181.0,0.0,1113.0,833.0,28,17.34
203.5,135.7,0.0,185.7,0.0,1076.2,759.3,28,22.63
288.0,192.0,0.0,192.0,0.0,932.0,717.8,90,50.53
162.0,214.0,164.0,202.0,10.0,820.0,680.0,28,30.65
181.9,272.8,0.0,185.7,0.0,1012.4,714.3,7,12.37
213.7,98.1,24.5,181.7,6.9,1065.8,785.4,28,45.71
290.2,193.5,0.0,185.7,0.0,998.2,704.3,7,21.86
475.0,0.0,0.0,162.0,9.5,1044.0,662.0,28,58.52
439.0,177.0,0.0,186.0,11.1,884.9,707.9,91,73.3
265.0,111.0,86.0,195.0,6.0,833.0,790.0,28,41.54
355.0,19.0,97.0,145.0,13.1,967.0,871.0,28,44.03
251.4,0.0,118.3,188.5,5.8,1028.4,757.7,56,36.97
260.0,101.0,78.0,171.0,10.0,936.0,763.0,28,49.77
165.0,128.5,132.1,175.1,8.1,1005.8,746.6,100,55.02
213.8,98.1,24.5,181.7,6.7,1066.0,785.5,14,17.84
331.0,0.0,0.0,192.0,0.0,978.0,825.0,90,37.23
381.4,0.0,0.0,185.7,0.0,1104.6,784.3,7,14.54
135.7,203.5,0.0,185.7,0.0,1076.2,759.3,28,18.2
213.5,0.0,174.2,154.6,11.7,1052.3,775.5,56,51.43
295.0,0.0,0.0,185.0,0.0,1069.0,769.0,28,25.18
337.9,189.0,0.0,174.9,9.5,944.7,755.8,28,49.9
298.2,0.0,107.0,209.7,11.1,879.6,744.2,28,31.88
304.0,76.0,0.0,228.0,0.0,932.0,670.0,365,55.26
393.0,0.0,0.0,192.0,0.0,940.6,785.6,28,39.6
355.9,0.0,141.6,193.3,11.0,801.4,778.4,28,40.87
139.6,209.4,0.0,192.0,0.0,1047.0,806.9,3,8.06
212.1,0.0,121.6,180.3,5.7,1057.6,779.3,28,24.9
387.0,20.0,94.0,157.0,14.3,938.0,845.0,28,50.24
342.0,38.0,0.0,228.0,0.0,932.0,670.0,270,55.06
382.0,0.0,0.0,186.0,0.0,1047.0,739.0,7,24.0
165.0,128.5,132.1,175.1,8.1,1005.8,746.6,56,53.72
401.8,94.7,0.0,147.4,11.4,946.8,852.1,91,75.5
313.0,145.0,0.0,178.0,8.0,867.0,824.0,28,44.39
382.0,0.0,0.0,185.0,0.0,1047.0,739.0,28,37.42
424.0,22.0,132.0,168.0,8.9,822.0,750.0,3,32.11
310.0,0.0,0.0,192.0,0.0,1012.0,830.0,28,27.83
220.8,147.2,0.0,185.7,0.0,1055.0,744.3,7,13.09
143.6,0.0,174.9,158.4,17.9,942.7,844.5,28,15.42
238.0,0.0,0.0,186.0,0.0,1119.0,789.0,28,17.54
149.0,153.0,194.0,192.0,8.0,935.0,623.0,28,24.58
183.9,122.6,0.0,203.5,0.0,959.2,800.0,90,32.53
155.0,183.0,0.0,193.0,9.0,877.0,868.0,28,23.79
290.4,0.0,96.2,168.1,9.4,961.2,865.0,56,45.08
190.3,0.0,125.2,161.9,9.9,1088.1,802.6,56,38.56
380.0,95.0,0.0,228.0,0.0,932.0,594.0,365,43.7
202.0,11.0,141.0,206.0,1.7,942.0,801.0,3,9.85
290.4,0.0,96.2,168.1,9.4,961.2,865.0,100,48.97
380.0,95.0,0.0,228.0,0.0,932.0,594.0,270,41.15
139.9,132.6,103.3,200.3,7.4,916.0,753.4,28,36.44
288.0,192.0,0.0,192.0,0.0,932.0,717.8,3,16.11
200.0,133.0,0.0,192.0,0.0,965.4,806.2,28,30.44
277.0,0.0,0.0,191.0,0.0,968.0,856.0,90,31.25
234.0,156.0,0.0,189.0,5.9,981.0,760.0,28,39.3
194.7,0.0,100.5,170.2,7.5,998.0,901.8,56,43.39
314.0,145.0,113.0,179.0,8.0,869.0,690.0,28,46.23
375.0,93.8,0.0,126.6,23.4,852.1,992.6,3,29.0
531.3,0.0,0.0,141.8,28.2,852.1,893.7,3,41.3
173.8,93.4,159.9,172.3,9.7,1007.2,746.6,14,29.55
252.3,0.0,98.8,146.3,14.2,987.8,889.0,14,42.29
225.0,0.0,0.0,181.0,0.0,1113.0,833.0,7,11.17
198.6,132.4,0.0,192.0,0.0,978.4,825.5,90,38.07
475.0,0.0,59.0,142.0,1.9,1098.0,641.0,28,57.23
166.1,0.0,163.3,176.5,4.5,1058.6,780.1,100,33.54
213.7,0.0,174.7,154.8,10.2,1053.5,776.4,100,50.08
249.1,0.0,98.8,158.1,12.8,987.8,889.0,14,28.68
237.0,92.0,71.0,247.0,6.0,853.0,695.0,28,28.63
322.5,148.6,0.0,185.8,8.5,951.0,709.5,28,52.43
252.1,97.1,75.6,193.8,8.3,835.5,821.4,28,33.4
446.0,24.0,79.0,162.0,11.6,967.0,712.0,56,56.14
194.7,0.0,100.5,170.2,7.5,998.0,901.8,3,12.18
173.0,116.0,0.0,192.0,0.0,946.8,856.8,3,6.94
249.1,0.0,98.8,158.1,12.8,987.8,889.0,3,15.36
246.8,0.0,125.1,143.3,12.0,1086.8,800.9,100,66.42
149.0,139.0,109.0,193.0,6.0,892.0,780.0,28,23.69
212.6,0.0,100.4,159.4,10.4,1003.8,903.8,100,47.74
213.8,98.1,24.5,181.7,6.7,1066.0,785.5,28,40.23
167.4,129.9,128.6,175.5,7.8,1006.3,746.6,100,53.66
229.7,0.0,118.2,195.2,6.1,1028.1,757.6,100,40.86
331.0,0.0,0.0,192.0,0.0,1025.0,821.0,3,14.31
388.6,97.1,0.0,157.9,12.1,852.1,925.7,28,50.7
160.0,188.0,146.0,203.0,11.0,829.0,710.0,28,32.84
190.0,190.0,0.0,228.0,0.0,932.0,670.0,90,42.33
339.2,0.0,0.0,185.7,0.0,1069.2,754.3,7,21.18
192.0,288.0,0.0,192.0,0.0,929.8,716.1,28,39.32
516.0,0.0,0.0,162.0,8.3,801.0,802.0,28,41.37
475.0,0.0,0.0,228.0,0.0,932.0,594.0,365,41.93
218.9,0.0,124.1,158.5,11.3,1078.7,794.9,14,26.05
136.4,161.6,125.8,171.6,10.4,922.6,764.4,28,29.07
213.7,0.0,174.7,154.8,10.2,1053.5,776.4,14,33.73
288.0,192.0,0.0,192.0,0.0,932.0,717.8,7,23.52
154.0,174.0,185.0,228.0,7.0,845.0,612.0,28,24.34
182.0,45.2,122.0,170.2,8.2,1059.4,780.7,28,31.27
540.0,0.0,0.0,173.0,0.0,1125.0,613.0,3,41.64
318.8,212.5,0.0,155.7,14.3,852.1,880.4,7,33.4
302.0,0.0,0.0,203.0,0.0,974.0,817.0,14,18.13
166.8,250.2,0.0,203.5,0.0,975.6,692.6,3,6.9
531.3,0.0,0.0,141.8,28.2,852.1,893.7,56,58.8
233.8,0.0,94.6,197.9,4.6,947.0,852.2,56,27.66
213.7,98.1,24.5,181.7,6.9,1065.8,785.4,100,53.9
540.0,0.0,0.0,173.0,0.0,1125.0,613.0,180,71.62
321.0,164.0,0.0,190.0,5.0,870.0,774.0,28,57.21
393.0,0.0,0.0,192.0,0.0,940.6,785.6,3,19.2
167.4,129.9,128.6,175.5,7.8,1006.3,746.6,28,41.2
143.0,169.4,142.7,190.7,8.4,967.4,643.5,28,29.73
155.2,183.9,143.2,193.8,9.2,879.6,698.5,28,28.99
182.0,45.2,122.0,170.2,8.2,1059.4,780.7,14,21.5
310.0,0.0,0.0,192.0,0.0,970.0,850.0,90,34.68
183.9,122.6,0.0,203.5,0.0,959.2,800.0,7,10.79
388.6,97.1,0.0,157.9,12.1,852.1,925.7,7,34.9
385.0,0.0,0.0,186.0,0.0,966.0,763.0,28,31.35
469.0,117.2,0.0,137.8,32.2,852.1,840.5,91,70.7
540.0,0.0,0.0,173.0,0.0,1125.0,613.0,90,69.66
475.0,118.8,0.0,181.1,8.9,852.1,781.5,3,37.8
469.0,117.2,0.0,137.8,32.2,852.1,840.5,3,40.2
305.3,203.5,0.0,203.5,0.0,965.4,631.0,7,25.89
379.5,151.2,0.0,153.9,15.9,1134.3,605.0,7,47.1
387.0,20.0,94.0,157.0,13.9,938.0,845.0,3,25.51
332.5,142.5,0.0,228.0,0.0,932.0,594.0,90,37.72
202.0,11.0,141.0,206.0,1.7,942.0,801.0,7,15.07
251.4,0.0,118.3,188.5,6.4,1028.4,757.7,56,36.64
531.3,0.0,0.0,141.8,28.2,852.1,893.7,28,56.4
182.0,45.2,122.0,170.2,8.2,1059.4,780.7,3,7.32
143.7,170.2,132.6,191.6,8.5,814.1,805.3,28,29.87
385.0,0.0,0.0,186.0,0.0,966.0,763.0,3,14.7
380.0,0.0,0.0,228.0,0.0,932.0,670.0,270,53.3
304.0,76.0,0.0,228.0,0.0,932.0,670.0,90,49.19
322.2,0.0,115.6,196.0,10.4,817.9,813.4,28,31.18
425.0,106.3,0.0,151.4,18.6,936.0,803.7,28,61.8
313.0,0.0,113.0,178.0,8.0,1002.0,689.0,28,36.8
148.0,0.0,182.0,181.0,15.0,839.0,884.0,28,15.52
160.0,250.0,0.0,168.0,12.0,1049.0,688.0,28,39.45
307.0,0.0,0.0,193.0,0.0,968.0,812.0,28,27.53
355.0,19.0,97.0,145.0,12.3,967.0,871.0,28,55.45
266.0,114.0,0.0,228.0,0.0,932.0,670.0,28,45.85
250.2,166.8,0.0,203.5,0.0,977.6,694.1,7,19.35
102.0,153.0,0.0,192.0,0.0,887.0,942.0,3,4.57
178.0,129.8,118.6,179.9,3.6,1007.3,746.8,14,34.24
212.0,141.3,0.0,203.5,0.0,973.4,750.0,3,6.81
236.9,91.7,71.5,246.9,6.0,852.9,695.4,28,28.63
147.0,115.0,89.0,202.0,9.0,860.0,829.0,28,19.99
359.0,19.0,141.0,154.0,10.9,942.0,801.0,3,25.12
375.0,93.8,0.0,126.6,23.4,852.1,992.6,7,45.7
157.0,236.0,0.0,192.0,0.0,935.4,781.2,90,43.38
139.6,209.4,0.0,192.0,0.0,1047.0,806.9,7,14.59
233.8,0.0,94.6,197.9,4.6,947.0,852.2,28,22.84
139.6,209.4,0.0,192.0,0.0,1047.0,806.9,360,44.7
116.0,173.0,0.0,192.0,0.0,909.8,891.9,90,31.02
287.3,120.5,93.9,187.6,9.2,904.4,695.9,28,43.8
222.4,0.0,96.7,189.3,4.5,967.1,870.3,3,11.58
316.1,210.7,0.0,185.7,0.0,977.0,689.3,7,24.44
480.0,0.0,0.0,192.0,0.0,936.0,721.0,3,24.39
375.0,93.8,0.0,126.6,23.4,852.1,992.6,56,60.2
333.0,0.0,0.0,192.0,0.0,931.2,842.6,3,15.62
323.7,282.8,0.0,183.8,10.3,942.7,659.9,7,49.8
304.0,76.0,0.0,228.0,0.0,932.0,670.0,28,47.81
313.0,145.0,0.0,127.0,8.0,1000.0,822.0,28,44.52
150.9,0.0,183.9,166.6,11.6,991.2,772.2,28,15.57
229.7,0.0,118.2,195.2,6.1,1028.1,757.6,3,13.36
305.3,203.5,0.0,203.5,0.0,965.4,631.0,28,43.38
298.1,0.0,107.0,186.4,6.1,879.0,815.2,28,42.64
181.9,272.8,0.0,185.7,0.0,1012.4,714.3,28,27.94
143.0,169.0,143.0,191.0,8.0,967.0,643.0,28,29.72
350.0,0.0,0.0,186.0,0.0,1050.0,770.0,7,20.28
214.9,53.8,121.9,155.6,9.6,1014.3,780.6,3,18.02
376.0,0.0,0.0,214.6,0.0,1003.5,762.4,28,31.97
251.4,0.0,118.3,188.5,5.8,1028.4,757.7,100,43.58
251.4,0.0,118.3,188.5,5.8,1028.4,757.7,28,29.65
273.0,0.0,90.0,199.0,11.0,931.0,762.0,28,32.24
277.0,0.0,0.0,191.0,0.0,968.0,856.0,360,33.7
374.0,189.2,0.0,170.1,10.1,926.1,756.7,3,34.4
310.0,0.0,0.0,192.0,0.0,1012.0,830.0,120,38.7
251.4,0.0,118.3,192.9,5.8,1043.6,754.3,28,33.27
255.0,0.0,0.0,192.0,0.0,889.8,945.0,28,18.75
446.0,24.0,79.0,162.0,11.6,967.0,712.0,3,25.02
237.5,237.5,0.0,228.0,0.0,932.0,594.0,180,36.25
246.8,0.0,125.1,143.3,12.0,1086.8,800.9,14,42.22
151.8,178.1,138.7,167.5,18.3,944.0,694.6,28,36.35
379.5,151.2,0.0,153.9,15.9,1134.3,605.0,91,56.5
212.0,0.0,124.8,159.0,7.8,1085.4,799.5,56,45.08
238.1,0.0,94.1,186.7,7.0,949.9,847.0,100,44.3
203.5,135.7,0.0,185.7,0.0,1076.2,759.3,7,11.96
321.3,164.2,0.0,190.5,4.6,870.0,774.0,28,57.22
427.5,47.5,0.0,228.0,0.0,932.0,594.0,28,37.43
250.2,166.8,0.0,203.5,0.0,977.6,694.1,3,9.73
149.0,118.0,92.0,183.0,7.0,953.0,780.0,28,23.52
157.0,236.0,0.0,192.0,0.0,935.4,781.2,7,16.89
250.0,0.0,95.7,191.8,5.3,948.9,857.2,28,27.22
374.0,189.2,0.0,170.1,10.1,926.1,756.7,28,61.09
401.8,94.7,0.0,147.4,11.4,946.8,852.1,3,41.1
380.0,0.0,0.0,228.0,0.0,932.0,670.0,180,53.1
500.0,0.0,0.0,200.0,0.0,1125.0,613.0,270,55.16
491.0,26.0,123.0,201.0,3.9,822.0,699.0,7,37.92
145.7,172.6,0.0,181.9,3.4,985.8,816.8,28,23.74
318.8,212.5,0.0,155.7,14.3,852.1,880.4,28,55.5
249.1,0.0,98.8,158.1,12.8,987.8,889.0,100,51.06
212.0,141.3,0.0,203.5,0.0,973.4,750.0,7,15.03
251.4,0.0,118.3,192.9,5.8,1043.6,754.3,14,20.73
231.8,0.0,121.6,174.0,6.7,1056.4,778.5,56,42.7
362.6,189.0,0.0,164.9,11.6,944.7,755.8,91,79.3
203.5,305.3,0.0,203.5,0.0,963.4,630.0,7,19.54
154.8,0.0,142.8,193.3,9.1,877.2,867.7,28,9.74
213.5,0.0,174.2,154.6,11.7,1052.3,775.5,28,45.94
389.9,189.0,0.0,145.9,22.0,944.7,755.8,91,82.6
325.0,0.0,0.0,184.0,0.0,1063.0,783.0,7,17.54
313.3,145.0,0.0,178.5,8.0,867.2,824.0,28,40.93
374.3,0.0,0.0,190.2,6.7,1013.2,730.4,28,39.06
212.1,0.0,121.6,180.3,5.7,1057.6,779.3,100,39.61
304.8,0.0,99.6,196.0,9.8,959.4,705.2,28,30.12
173.0,116.0,0.0,192.0,0.0,946.8,856.8,90,32.1
333.0,17.5,163.0,167.0,17.9,996.0,652.0,28,47.28
238.1,0.0,94.1,186.7,7.0,949.9,847.0,28,30.23
349.0,0.0,0.0,192.0,0.0,1047.0,806.0,28,32.72
285.0,190.0,0.0,163.0,7.6,1031.0,685.0,28,53.58
310.0,0.0,0.0,192.0,0.0,1012.0,830.0,90,35.76
388.6,97.1,0.0,157.9,12.1,852.1,925.7,3,28.1
393.0,0.0,0.0,192.0,0.0,940.0,758.0,28,39.58
213.5,0.0,174.2,154.6,11.7,1052.3,775.5,100,59.3
528.0,0.0,0.0,185.0,6.9,920.0,720.0,28,56.83
525.0,0.0,0.0,189.0,0.0,1125.0,613.0,3,33.8
339.0,0.0,0.0,185.0,0.0,1069.0,754.0,28,31.84
349.0,0.0,0.0,192.0,0.0,1047.0,806.9,3,15.05
250.0,0.0,95.7,187.4,5.5,956.9,861.2,3,13.82
168.0,42.1,163.8,121.8,5.7,1058.7,780.1,14,17.82
277.0,0.0,0.0,191.0,0.0,968.0,856.0,180,32.33
236.0,157.0,0.0,192.0,0.0,972.6,749.1,90,47.78
222.4,0.0,96.7,189.3,4.5,967.1,870.3,28,24.89
304.0,140.0,0.0,214.0,6.0,895.0,722.0,28,33.42
222.4,0.0,96.7,189.3,4.5,967.1,870.3,14,24.45
139.6,209.4,0.0,192.0,0.0,1047.0,806.9,180,44.21
164.6,0.0,150.4,181.6,11.7,1023.3,728.9,28,18.03
252.3,0.0,98.8,146.3,14.2,987.8,889.0,3,21.78
525.0,0.0,0.0,189.0,0.0,1125.0,613.0,90,58.78
310.0,0.0,0.0,192.0,0.0,970.0,850.0,180,37.33
284.0,119.7,0.0,168.3,7.2,970.4,794.2,28,40.93
159.8,250.0,0.0,168.4,12.2,1049.3,688.2,28,39.46
277.0,117.0,91.0,191.0,7.0,946.0,666.0,28,43.57
298.1,0.0,107.5,163.6,12.8,953.2,784.0,28,35.87
192.0,288.0,0.0,192.0,0.0,929.8,716.1,90,50.73
236.0,157.0,0.0,192.0,0.0,972.6,749.1,28,32.88
151.0,0.0,185.0,167.0,16.0,1074.0,678.0,28,13.46
475.0,0.0,0.0,228.0,0.0,932.0,594.0,270,42.13
142.0,167.0,130.0,174.0,11.0,883.0,785.0,28,44.61
178.0,129.8,118.6,179.9,3.6,1007.3,746.8,100,49.99
362.6,189.0,0.0,164.9,11.6,944.7,755.8,3,35.3
500.0,0.0,0.0,140.0,4.0,966.0,853.0,28,67.57
540.0,0.0,0.0,173.0,0.0,1125.0,613.0,270,74.17
289.0,0.0,0.0,192.0,0.0,913.2,895.3,90,32.07
522.0,0.0,0.0,146.0,0.0,896.0,896.0,7,50.51
193.5,290.2,0.0,185.7,0.0,998.2,704.3,7,17.2
190.0,190.0,0.0,228.0,0.0,932.0,670.0,180,46.93
313.0,161.0,0.0,178.0,10.0,917.0,759.0,28,52.44
389.9,189.0,0.0,145.9,22.0,944.7,755.8,3,40.6
165.0,0.0,143.6,163.8,0.0,1005.6,900.9,28,26.2
250.0,0.0,0.0,182.0,0.0,1100.0,820.0,28,20.87
387.0,20.0,94.0,157.0,11.6,938.0,845.0,7,41.67
148.0,175.0,0.0,171.0,2.0,1000.0,828.0,28,26.92
166.1,0.0,163.3,176.5,4.5,1058.6,780.1,28,21.54
303.6,139.9,0.0,213.5,6.2,895.5,722.5,28,33.42
314.0,145.3,113.2,178.9,8.0,869.1,690.2,28,46.23
446.0,24.0,79.0,162.0,11.6,967.0,712.0,56,61.07
168.0,42.1,163.8,121.8,5.7,1058.7,780.1,3,7.75
350.0,0.0,0.0,203.0,0.0,974.0,775.0,90,31.35
387.0,20.0,94.0,157.0,11.6,938.0,845.0,56,61.46
108.3,162.4,0.0,203.5,0.0,938.2,849.0,90,29.23
167.4,129.9,128.6,175.5,7.8,1006.3,746.6,56,51.72
153.1,145.0,113.0,178.5,8.0,867.2,824.0,28,26.23
277.1,0.0,97.4,160.6,11.8,973.9,875.6,14,41.89
168.9,42.2,124.3,158.3,10.8,1080.8,796.2,100,48.15
200.0,0.0,0.0,180.0,0.0,1125.0,845.0,7,7.84
222.4,0.0,96.7,189.3,4.5,967.1,870.3,100,40.71
531.3,0.0,0.0,141.8,28.2,852.1,893.7,91,59.2
286.3,200.9,0.0,144.7,11.2,1004.6,803.7,91,76.8
424.0,22.0,132.0,178.0,8.5,882.0,750.0,3,32.01
277.1,0.0,97.4,160.6,11.8,973.9,875.6,3,23.14
214.9,53.8,121.9,155.6,9.6,1014.3,780.6,14,38.6
500.0,0.0,0.0,200.0,0.0,1125.0,613.0,7,33.21
525.0,0.0,0.0,189.0,0.0,1125.0,613.0,28,55.94
337.9,189.0,0.0,174.9,9.5,944.7,755.8,3,24.1
194.7,0.0,100.5,165.6,7.5,1006.4,905.9,14,24.99
148.5,139.4,108.6,192.7,6.1,892.4,780.0,28,23.7
385.0,0.0,136.0,158.0,20.0,903.0,768.0,28,55.55
288.0,121.0,0.0,177.0,7.0,908.0,829.0,28,42.13
250.2,166.8,0.0,203.5,0.0,977.6,694.1,28,36.96
480.0,0.0,0.0,192.0,0.0,936.2,712.2,3,24.4
236.0,0.0,0.0,193.0,0.0,968.0,885.0,180,24.1
277.0,116.8,91.0,190.6,7.0,946.5,665.6,28,43.58
331.0,0.0,0.0,192.0,0.0,1025.0,821.0,28,31.74
252.0,0.0,0.0,185.0,0.0,1111.0,784.0,7,13.71
393.0,0.0,0.0,192.0,0.0,940.0,758.0,90,48.79
266.0,114.0,0.0,228.0,0.0,932.0,670.0,90,47.03
167.0,187.0,195.0,185.0,7.0,898.0,636.0,28,23.89
281.0,0.0,0.0,185.0,0.0,1104.0,774.0,28,22.44
302.0,0.0,0.0,203.0,0.0,974.0,817.0,28,21.75
250.0,0.0,95.7,191.8,5.3,948.9,857.2,100,41.16
172.4,13.6,172.4,156.8,4.1,1006.3,856.4,28,33.69
424.0,22.0,132.0,178.0,8.5,822.0,750.0,56,65.7
133.1,210.2,0.0,195.7,3.1,949.4,795.3,28,28.94
339.0,0.0,0.0,197.0,0.0,968.0,781.0,7,20.97
480.0,0.0,0.0,192.0,0.0,936.0,721.0,90,54.28
313.3,262.2,0.0,175.5,8.6,1046.9,611.8,28,59.8
168.9,42.2,124.3,158.3,10.8,1080.8,796.2,28,31.12
102.0,153.0,0.0,192.0,0.0,887.0,942.0,28,17.28
166.1,0.0,163.3,176.5,4.5,1058.6,780.1,56,28.63
290.2,193.5,0.0,185.7,0.0,998.2,704.3,28,33.04
144.0,0.0,175.0,158.0,18.0,943.0,844.0,28,15.42
312.9,160.5,0.0,177.6,9.6,916.6,759.5,28,52.45
213.8,98.1,24.5,181.7,6.7,1066.0,785.5,56,47.13
313.0,0.0,0.0,178.0,8.0,1000.0,822.0,28,25.1
387.0,20.0,94.0,157.0,14.3,938.0,845.0,7,36.84
342.0,38.0,0.0,228.0,0.0,932.0,670.0,90,50.46
359.0,19.0,141.0,154.0,10.9,942.0,801.0,28,62.94
439.0,177.0,0.0,186.0,11.1,884.9,707.9,3,39.3
379.5,151.2,0.0,153.9,15.9,1134.3,605.0,3,28.6
393.0,0.0,0.0,192.0,0.0,940.6,785.6,7,27.74
133.0,210.0,0.0,196.0,3.0,949.0,795.0,28,31.03
251.8,0.0,99.9,146.1,12.4,1006.0,899.8,28,33.94
214.9,53.8,121.9,155.6,9.6,1014.3,780.6,56,53.96
116.0,173.0,0.0,192.0,0.0,909.8,891.9,3,6.28
500.0,0.0,0.0,151.0,9.0,1033.0,655.0,28,69.84
181.4,0.0,167.0,169.6,7.6,1055.6,777.8,28,27.77
264.5,111.0,86.5,195.5,5.9,832.6,790.4,28,41.54
525.0,0.0,0.0,189.0,0.0,1125.0,613.0,14,48.4
236.0,0.0,0.0,194.0,0.0,968.0,885.0,14,12.84
289.0,134.0,0.0,195.0,6.0,924.0,760.0,28,46.24
173.5,50.1,173.5,164.8,6.5,1006.2,793.5,3,23.08
525.0,0.0,0.0,189.0,0.0,1125.0,613.0,7,42.42
425.0,106.3,0.0,151.4,18.6,936.0,803.7,91,66.7
237.5,237.5,0.0,228.0,0.0,932.0,594.0,90,33.12
337.9,189.0,0.0,174.9,9.5,944.7,755.8,7,35.1
250.0,0.0,95.7,191.8,5.3,948.9,857.2,56,39.64
298.0,137.0,107.0,201.0,6.0,878.0,655.0,28,53.52
122.6,183.9,0.0,203.5,0.0,958.2,800.1,28,24.29
362.6,189.0,0.0,164.9,11.6,944.7,755.8,7,55.9
272.8,181.9,0.0,185.7,0.0,1012.4,714.3,28,31.38
380.0,95.0,0.0,228.0,0.0,932.0,594.0,28,36.45
310.0,0.0,0.0,192.0,0.0,1012.0,830.0,7,17.24
525.0,0.0,0.0,189.0,0.0,1125.0,613.0,270,67.11
166.0,260.0,0.0,183.0,13.0,859.0,827.0,28,37.91
212.5,0.0,100.4,159.3,8.7,1007.8,903.6,28,31.64
255.5,170.3,0.0,185.7,0.0,1026.6,724.3,7,17.24
500.0,0.0,0.0,200.0,0.0,1125.0,613.0,14,36.94
141.3,212.0,0.0,203.5,0.0,971.8,748.5,3,4.83
178.0,129.8,118.6,179.9,3.6,1007.3,746.8,28,39.16
331.0,0.0,0.0,192.0,0.0,978.0,825.0,28,31.45
362.6,189.0,0.0,164.9,11.6,944.7,755.8,28,71.3
284.0,15.0,141.0,179.0,5.5,842.0,801.0,3,13.4
173.5,50.1,173.5,164.8,6.5,1006.2,793.5,28,38.2
149.5,236.0,0.0,175.8,12.6,846.8,892.7,28,32.96
202.0,11.0,141.0,206.0,1.7,942.0,801.0,28,21.97
233.8,0.0,94.6,197.9,4.6,947.0,852.2,100,34.56
321.4,0.0,127.9,182.5,11.5,870.1,779.7,28,37.27
251.4,0.0,118.3,188.5,6.4,1028.4,757.7,100,44.21
158.4,0.0,194.9,219.7,11.0,897.7,712.9,28,8.54
212.1,0.0,121.6,180.3,5.7,1057.6,779.3,14,20.92
400.0,0.0,0.0,187.0,0.0,1025.0,745.0,7,30.14
252.3,0.0,98.8,146.3,14.2,987.8,889.0,56,55.83
286.3,200.9,0.0,144.7,11.2,1004.6,803.7,3,24.4
287.0,121.0,94.0,188.0,9.0,904.0,696.0,28,41.94
401.8,94.7,0.0,147.4,11.4,946.8,852.1,56,73.7
153.6,144.2,112.3,220.1,10.1,923.2,657.9,28,16.5
158.8,238.2,0.0,185.7,0.0,1040.6,734.3,28,21.07
250.0,180.0,95.0,159.0,9.5,860.0,800.0,28,67.87
143.8,136.3,106.2,178.1,7.5,941.5,774.3,28,26.15
252.3,0.0,98.8,146.3,14.2,987.8,889.0,100,60.95
272.6,0.0,89.6,198.7,10.6,931.3,762.2,28,32.25
425.0,106.3,0.0,151.4,18.6,936.0,803.7,3,36.3
135.0,0.0,166.0,180.0,10.0,961.0,805.0,28,13.29
297.2,0.0,117.5,174.8,9.5,1022.8,753.5,14,36.99
296.0,0.0,0.0,186.0,0.0,1090.0,769.0,7,18.91
198.6,132.4,0.0,192.0,0.0,978.4,825.5,180,41.72
305.3,203.5,0.0,203.5,0.0,965.4,631.0,90,54.6
349.0,0.0,0.0,192.0,0.0,1047.0,806.0,7,18.13
540.0,0.0,0.0,173.0,0.0,1125.0,613.0,14,59.76
297.0,0.0,0.0,186.0,0.0,1040.0,734.0,7,30.96
297.8,137.2,106.9,201.3,6.0,878.4,655.3,28,53.52
212.0,0.0,124.8,159.0,7.8,1085.4,799.5,3,19.52
273.0,105.0,82.0,210.0,9.0,904.0,680.0,28,37.17
388.6,97.1,0.0,157.9,12.1,852.1,925.7,56,55.2
144.0,136.0,106.0,178.0,7.0,941.0,774.0,28,26.14
250.0,0.0,95.7,187.4,5.5,956.9,861.2,28,29.22
331.0,0.0,0.0,192.0,0.0,1025.0,821.0,120,39.38
276.0,116.0,90.0,180.0,9.0,870.0,768.0,28,44.28
295.8,0.0,0.0,185.7,0.0,1091.4,769.3,28,25.22
397.0,17.2,158.0,167.0,20.8,967.0,633.0,28,55.65
446.0,24.0,79.0,162.0,11.6,967.0,712.0,28,51.02
313.3,262.2,0.0,175.5,8.6,1046.9,611.8,7,42.8
446.0,24.0,79.0,162.0,11.6,967.0,712.0,56,55.25
356.0,119.0,0.0,160.0,9.0,1061.0,657.0,28,59.0
165.0,0.0,143.6,163.8,0.0,1005.6,900.9,100,37.96
136.0,162.0,126.0,172.0,10.0,923.0,764.0,28,29.07
522.0,0.0,0.0,146.0,0.0,896.0,896.0,28,74.99
159.1,186.7,0.0,175.6,11.3,989.6,788.9,28,32.77
152.0,0.0,112.0,184.0,8.0,992.0,816.0,28,12.18
167.0,75.4,167.0,164.0,7.9,1007.3,770.1,28,41.41
155.0,0.0,143.0,193.0,9.0,1047.0,697.0,28,12.46
162.0,190.1,148.1,178.8,18.8,838.1,741.4,28,33.76
300.0,0.0,120.0,212.0,10.0,878.0,728.0,28,23.84
230.0,0.0,118.3,195.5,4.6,1029.4,758.6,28,24.48
173.0,116.0,0.0,192.0,0.0,946.8,856.8,28,24.28
246.8,0.0,125.1,143.3,12.0,1086.8,800.9,28,52.5
139.6,209.4,0.0,192.0,0.0,1047.0,806.9,90,39.36
304.0,76.0,0.0,228.0,0.0,932.0,670.0,180,50.95
290.4,0.0,96.2,168.1,9.4,961.2,865.0,28,34.74
151.0,0.0,184.0,167.0,12.0,991.0,772.0,28,15.57
251.4,0.0,118.3,188.5,6.4,1028.4,757.7,3,13.12
213.7,0.0,174.7,154.8,10.2,1053.5,776.4,3,17.57
321.0,0.0,128.0,182.0,11.0,870.0,780.0,28,37.26
